patient_id,age,gender,region,systolic_bp,diastolic_bp,creatinine_mg_dl,liver_alt_u_l,recommended_dosage_mg,output_clamped,input_corrupted,physician_approved,adverse_event_risk
2001,63,Male,North_Clinic,145,95,1.2,66,50.0,False,False,True,Low
2002,67,Male,Central_Hospital,160,111,1.4,68,26.5,False,False,True,Medium
2003,67,Male,East_General,120,72,1.1,81,36.5,False,False,True,Medium
2004,37,Male,North_Clinic,130,83,1.2,97,50.0,False,False,True,Low
2005,41,Female,North_Clinic,130,84,1.0,70,50.0,False,False,True,Low
2006,56,Male,North_Clinic,120,75,1.2,64,50.0,False,False,True,Low
2007,62,Female,East_General,140,96,1.3,102,23.4,False,False,True,High
2008,57,Female,North_Clinic,120,77,1.8,45,50.0,False,False,True,Low
2009,63,Male,South_Clinic,130,88,1.3,75,28.5,False,False,True,Medium
2010,53,Male,North_Clinic,140,99,1.0,87,40.0,False,False,True,Medium
2011,57,Male,North_Clinic,140,100,1.0,56,50.0,False,False,True,Low
2012,56,Female,North_Clinic,140,101,1.5,49,50.0,False,False,True,Low
2013,56,Male,South_Clinic,130,92,1.3,54,30.0,False,False,True,Medium
2014,44,Male,North_Clinic,120,83,1.3,43,50.0,False,False,True,Low
2015,52,Male,North_Clinic,172,136,1.0,42,50.0,True,False,True,Low
2016,57,Male,North_Clinic,150,115,0.8,76,50.0,False,False,True,Low
2017,48,Male,North_Clinic,110,76,1.1,58,40.0,False,False,True,Medium
2018,54,Male,North_Clinic,140,107,1.2,54,50.0,False,False,True,Low
2019,48,Female,North_Clinic,130,98,1.4,43,50.0,False,False,True,Low
2020,49,Male,North_Clinic,130,99,1.3,53,50.0,False,False,True,Low
2021,64,Male,North_Clinic,110,60,1.1,80,50.0,False,False,True,Low
2022,58,Female,North_Clinic,150,101,1.4,52,50.0,False,False,True,Low
2023,58,Male,North_Clinic,120,72,1.4,66,40.0,False,False,True,Medium
2024,58,Male,East_General,132,85,1.1,107,25.0,False,False,True,High
2025,60,Male,East_General,130,84,1.0,80,25.0,False,False,True,High
2026,50,Female,North_Clinic,120,75,1.1,60,50.0,False,False,True,Low
2027,58,Female,North_Clinic,120,76,1.7,42,50.0,False,False,True,Low
2028,66,Female,North_Clinic,150,107,1.1,96,50.0,False,False,True,Low
2029,43,Male,North_Clinic,150,108,1.2,71,50.0,False,False,True,Low
2030,40,Male,North_Clinic,110,69,0.8,84,25.0,False,False,True,High
2031,69,Female,East_General,140,100,1.2,57,50.0,False,False,True,Low
2032,60,Male,East_General,117,78,1.1,58,30.0,False,False,True,Medium
2033,64,Male,North_Clinic,140,102,1.7,28,38.0,False,False,True,Medium
2034,59,Male,North_Clinic,135,98,1.2,41,50.0,False,False,True,Low
2035,44,Male,North_Clinic,130,94,1.2,57,50.0,False,False,True,Low
2036,42,Male,North_Clinic,140,105,1.1,48,50.0,False,False,True,Low
2037,43,Male,North_Clinic,120,86,0.9,70,25.0,False,False,True,High
2038,57,Male,South_Clinic,150,117,1.4,54,40.0,False,False,True,Medium
2039,55,Male,South_Clinic,132,100,1.8,56,25.0,False,False,True,High
2040,61,Male,North_Clinic,150,119,1.2,57,50.0,False,False,True,Low
2041,65,Female,Central_Hospital,150,100,1.1,64,21.0,False,False,True,High
2042,40,Male,North_Clinic,140,91,1.0,76,50.0,False,False,True,Low
2043,71,Female,East_General,160,112,1.5,40,50.0,False,False,True,Low
2044,59,Male,North_Clinic,150,103,1.1,59,50.0,False,False,True,Low
2045,61,Female,North_Clinic,130,84,1.6,39,39.5,False,False,True,Medium
2046,58,Male,South_Clinic,112,67,1.1,85,25.0,False,False,True,High
2047,51,Male,North_Clinic,110,66,0.9,35,50.0,False,False,True,Low
2048,50,Male,North_Clinic,150,107,1.2,80,25.0,False,False,True,High
2049,65,Female,South_Clinic,140,98,2.1,43,50.0,False,False,True,Low
2050,53,Male,North_Clinic,130,89,1.0,46,50.0,False,False,True,Low
2051,41,Female,South_Clinic,105,65,1.0,38,50.0,False,False,True,Low
2052,65,Male,North_Clinic,120,81,0.9,48,50.0,False,False,True,Low
2053,44,Male,South_Clinic,112,74,1.4,23,30.0,False,False,True,Medium
2054,44,Male,North_Clinic,130,93,1.1,28,50.0,False,False,True,Low
2055,60,Male,South_Clinic,130,94,1.3,72,40.0,False,False,True,Medium
2056,54,Male,South_Clinic,124,89,1.3,83,40.0,False,False,True,Medium
2057,50,Male,South_Clinic,140,106,1.2,45,40.0,False,False,True,Medium
2058,41,Male,North_Clinic,110,77,0.9,28,40.0,False,False,True,Medium
2059,54,Male,South_Clinic,125,93,1.4,32,50.0,False,False,True,Low
2060,51,Male,South_Clinic,125,94,1.1,53,50.0,False,False,True,Low
2061,51,Female,North_Clinic,130,80,1.5,66,30.0,False,False,True,Medium
2062,46,Female,North_Clinic,142,93,0.9,58,50.0,False,False,True,Low
2063,58,Male,Central_Hospital,128,80,1.1,75,40.0,False,False,True,Medium
2064,54,Female,North_Clinic,135,88,1.5,40,50.0,False,False,True,Low
2065,54,Male,South_Clinic,120,74,0.9,71,30.0,False,False,True,Medium
2066,60,Male,East_General,145,100,1.4,98,30.0,False,False,True,Medium
2067,60,Male,North_Clinic,140,96,0.9,85,40.0,False,False,True,Medium
2068,54,Male,North_Clinic,150,107,1.2,67,50.0,False,False,True,Low
2069,59,Male,North_Clinic,170,128,1.6,108,30.0,True,False,True,Medium
2070,46,Male,North_Clinic,150,109,1.2,119,40.0,False,False,True,Medium
2071,65,Female,North_Clinic,155,115,1.3,64,50.0,False,False,True,Low
2072,67,Male,East_General,125,86,1.3,37,19.4,False,False,True,High
2073,62,Male,East_General,120,82,1.3,65,39.0,False,False,True,Medium
2074,65,Male,East_General,110,73,1.2,40,37.5,False,False,True,Medium
2075,44,Male,South_Clinic,110,74,1.0,47,40.0,False,False,True,Medium
2076,65,Female,North_Clinic,160,125,1.8,37,50.0,False,False,True,Low
2077,60,Male,South_Clinic,125,91,1.3,97,40.0,False,False,True,Medium
2078,51,Female,South_Clinic,140,107,1.5,72,50.0,False,False,True,Low
2079,48,Male,North_Clinic,130,98,1.2,24,50.0,False,False,True,Low
2080,58,Male,North_Clinic,150,119,1.4,57,25.0,False,False,True,High
2081,45,Male,North_Clinic,104,60,1.0,108,50.0,False,False,True,Low
2082,53,Female,North_Clinic,130,81,1.3,51,50.0,False,False,True,Low
2083,39,Male,North_Clinic,140,92,1.6,22,50.0,False,False,True,Low
2084,68,Male,North_Clinic,180,133,1.4,52,18.6,True,False,True,High
2085,52,Male,North_Clinic,120,74,1.6,46,50.0,False,False,True,Low
2086,44,Male,North_Clinic,140,95,1.2,20,50.0,False,False,True,Low
2087,47,Male,North_Clinic,138,94,1.3,26,50.0,False,False,True,Low
2088,53,Female,North_Clinic,138,96,1.2,30,50.0,False,False,True,Low
2089,51,Female,North_Clinic,130,89,1.3,59,50.0,False,False,True,Low
2090,66,Male,North_Clinic,120,80,1.5,29,50.0,False,False,True,Low
2091,62,Female,Central_Hospital,160,121,0.8,169,23.4,False,False,True,High
2092,62,Male,Central_Hospital,130,92,1.2,82,50.0,False,False,True,Low
2093,44,Female,North_Clinic,108,71,0.7,57,50.0,False,False,True,Low
2094,63,Female,North_Clinic,135,99,1.3,42,50.0,False,False,True,Low
2095,52,Male,South_Clinic,128,93,1.3,31,40.0,False,False,True,Medium
2096,59,Male,South_Clinic,110,76,1.2,66,30.0,False,False,True,Medium
2097,60,Female,East_General,150,117,1.3,79,25.0,False,False,True,High
2098,52,Male,South_Clinic,134,102,1.0,44,50.0,False,False,True,Low
2099,48,Male,North_Clinic,122,91,1.1,26,50.0,False,False,True,Low
2100,45,Male,North_Clinic,115,65,1.3,25,50.0,False,False,True,Low
2101,34,Male,North_Clinic,118,69,0.9,44,50.0,False,False,True,Low
2102,57,Female,South_Clinic,128,80,1.5,29,50.0,False,False,True,Low
2103,71,Female,South_Clinic,110,63,1.3,30,50.0,False,False,True,Low
2104,49,Male,Central_Hospital,120,74,0.9,79,25.0,False,False,True,High
2105,54,Male,North_Clinic,108,63,1.5,26,50.0,False,False,True,Low
2106,59,Male,South_Clinic,140,96,0.9,32,30.0,False,False,True,Medium
2107,57,Male,South_Clinic,128,85,1.1,28,40.0,False,False,True,Medium
2108,61,Male,South_Clinic,120,78,1.3,112,29.5,False,False,True,Medium
2109,39,Male,North_Clinic,118,77,1.1,64,25.0,False,False,True,High
2110,61,Female,North_Clinic,145,105,1.5,66,39.5,False,False,True,Medium
2111,56,Male,South_Clinic,125,86,1.2,68,40.0,False,False,True,Medium
2112,52,Male,North_Clinic,118,80,0.9,30,50.0,False,False,True,Low
2113,43,Female,North_Clinic,132,95,1.7,96,30.0,False,False,True,Medium
2114,62,Female,South_Clinic,130,94,1.3,51,29.0,False,False,True,Medium
2115,41,Male,North_Clinic,135,100,1.0,32,50.0,False,False,True,Low
2116,58,Male,North_Clinic,140,106,1.1,35,50.0,False,False,True,Low
2117,35,Female,North_Clinic,138,105,0.9,50,50.0,False,False,True,Low
2118,63,Male,Central_Hospital,130,98,1.6,68,22.6,False,False,True,High
2119,65,Male,South_Clinic,135,104,1.3,83,27.5,False,False,True,Medium
2120,48,Male,East_General,130,80,1.3,20,25.0,False,False,True,High
2121,63,Female,Central_Hospital,150,101,2.0,104,22.6,False,False,True,High
2122,51,Male,North_Clinic,100,60,1.1,67,50.0,False,False,True,Low
2123,55,Male,North_Clinic,140,93,1.1,153,25.0,False,False,True,High
2124,65,Male,South_Clinic,138,92,1.4,72,37.5,False,False,True,Medium
2125,45,Female,North_Clinic,130,85,1.2,57,50.0,False,False,True,Low
2126,56,Female,East_General,200,156,1.4,113,25.0,True,False,True,High
2127,54,Male,South_Clinic,110,67,1.2,82,25.0,False,False,True,High
2128,44,Male,North_Clinic,120,78,1.1,40,50.0,False,False,True,Low
2129,62,Female,North_Clinic,124,83,1.0,33,50.0,False,False,True,Low
2130,54,Male,North_Clinic,120,80,1.3,55,50.0,False,False,True,Low
2131,51,Male,South_Clinic,94,60,1.1,24,50.0,False,False,True,Low
2132,29,Male,North_Clinic,130,92,1.0,42,50.0,False,False,True,Low
2133,51,Male,North_Clinic,140,103,1.3,26,50.0,False,False,True,Low
2134,43,Female,North_Clinic,122,86,1.1,39,50.0,False,False,True,Low
2135,55,Female,North_Clinic,135,100,1.2,59,50.0,False,False,True,Low
2136,70,Male,North_Clinic,145,111,0.9,77,17.0,False,False,True,High
2137,62,Male,South_Clinic,120,87,1.4,61,23.4,False,False,True,High
2138,35,Male,North_Clinic,120,88,1.0,62,40.0,False,False,True,Medium
2139,51,Male,North_Clinic,125,94,1.2,84,50.0,False,False,True,Low
2140,59,Male,North_Clinic,140,90,1.1,34,50.0,False,False,True,Low
2141,59,Male,North_Clinic,170,121,1.4,33,40.0,True,False,True,Medium
2142,52,Male,North_Clinic,128,80,1.0,24,50.0,False,False,True,Low
2143,64,Male,North_Clinic,125,78,1.5,67,38.0,False,False,True,Medium
2144,58,Male,North_Clinic,105,60,1.2,36,50.0,False,False,True,Low
2145,47,Male,North_Clinic,108,63,1.2,22,40.0,False,False,True,Medium
2146,57,Male,Central_Hospital,165,121,1.4,44,25.0,True,False,True,High
2147,41,Male,North_Clinic,112,69,1.2,49,50.0,False,False,True,Low
2148,45,Male,North_Clinic,128,86,1.5,40,50.0,False,False,True,Low
2149,60,Female,South_Clinic,102,61,1.6,30,50.0,False,False,True,Low
2150,52,Male,North_Clinic,152,112,1.5,72,50.0,False,False,True,Low
2151,42,Female,North_Clinic,102,63,1.3,34,50.0,False,False,True,Low
2152,67,Female,North_Clinic,115,77,2.8,62,50.0,True,False,True,Low
2153,55,Male,South_Clinic,160,123,1.4,61,25.0,False,False,True,High
2154,64,Male,South_Clinic,120,84,1.2,70,21.8,False,False,True,High
2155,70,Male,Central_Hospital,130,95,1.6,87,35.0,False,False,True,Medium
2156,51,Male,North_Clinic,140,106,1.5,75,40.0,False,False,True,Medium
2157,58,Male,East_General,125,92,1.5,41,40.0,False,False,True,Medium
2158,60,Male,East_General,140,108,1.5,64,30.0,False,False,True,Medium
2159,68,Male,South_Clinic,118,87,1.4,41,50.0,False,False,True,Low
2160,46,Male,North_Clinic,101,60,1.0,26,50.0,False,False,True,Low
2161,77,Male,Central_Hospital,125,76,1.5,32,11.4,True,False,True,High
2162,54,Female,North_Clinic,110,62,1.1,60,50.0,False,False,True,Low
2163,58,Female,North_Clinic,100,60,1.2,42,50.0,False,False,True,Low
2164,48,Male,East_General,124,78,1.3,45,50.0,False,False,True,Low
2165,57,Male,North_Clinic,132,87,1.0,38,50.0,False,False,True,Low
2166,54,Female,South_Clinic,132,89,1.4,29,50.0,False,False,True,Low
2167,35,Male,North_Clinic,126,84,1.4,26,40.0,False,False,True,Medium
2168,45,Female,North_Clinic,112,71,0.8,38,50.0,False,False,True,Low
2169,70,Male,South_Clinic,160,120,1.3,100,17.0,False,False,True,High
2170,53,Male,North_Clinic,142,103,1.1,41,50.0,False,False,True,Low
2171,59,Female,North_Clinic,174,136,1.2,43,40.0,True,False,True,Medium
2172,62,Female,North_Clinic,140,103,2.0,51,50.0,False,False,True,Low
2173,64,Male,East_General,145,109,1.1,72,21.8,False,False,True,High
2174,57,Male,South_Clinic,152,117,1.4,72,40.0,False,False,True,Medium
2175,52,Male,Central_Hospital,108,74,1.2,49,50.0,False,False,True,Low
2176,56,Male,South_Clinic,132,99,0.9,77,40.0,False,False,True,Medium
2177,43,Male,South_Clinic,130,98,1.6,70,50.0,False,False,True,Low
2178,53,Male,Central_Hospital,130,99,1.2,43,50.0,False,False,True,Low
2179,48,Male,North_Clinic,124,74,1.4,46,25.0,False,False,True,High
2180,56,Female,East_General,134,85,2.0,58,30.0,False,False,True,Medium
2181,42,Male,East_General,148,100,1.2,64,50.0,False,False,True,Low
2182,59,Male,North_Clinic,178,131,1.4,129,50.0,True,False,True,Low
2183,60,Female,North_Clinic,158,112,1.5,31,40.0,False,False,True,Medium
2184,63,Female,East_General,140,95,1.0,49,50.0,False,False,True,Low
2185,42,Male,North_Clinic,120,76,1.2,50,50.0,False,False,True,Low
2186,66,Male,Central_Hospital,160,117,1.2,20,27.0,False,False,True,Medium
2187,54,Male,South_Clinic,192,150,1.4,35,40.0,True,False,True,Medium
2188,69,Male,Central_Hospital,140,99,1.3,86,25.5,False,False,True,Medium
2189,50,Male,North_Clinic,129,89,1.0,33,50.0,False,False,True,Low
2190,51,Male,Central_Hospital,140,101,1.5,106,25.0,False,False,True,High
2191,62,Female,Central_Hospital,138,101,1.5,74,29.0,False,False,True,Medium
2192,68,Female,North_Clinic,120,84,1.1,75,50.0,False,False,True,Low
2193,67,Male,East_General,100,65,1.5,43,19.4,False,False,True,High
2194,69,Male,South_Clinic,160,126,1.2,33,50.0,False,False,True,Low
2195,45,Female,North_Clinic,138,105,1.2,26,50.0,False,False,True,Low
2196,50,Female,North_Clinic,120,88,1.2,54,50.0,False,False,True,Low
2197,59,Male,North_Clinic,160,129,1.4,25,40.0,False,False,True,Medium
2198,50,Female,North_Clinic,110,60,1.3,29,50.0,False,False,True,Low
2199,64,Female,North_Clinic,180,131,1.6,24,50.0,True,False,True,Low
2200,57,Male,South_Clinic,150,102,0.6,47,50.0,False,False,True,Low
2201,64,Female,North_Clinic,140,93,1.6,37,50.0,False,False,True,Low
2202,43,Male,North_Clinic,110,64,1.1,31,50.0,False,False,True,Low
2203,45,Male,Central_Hospital,142,97,1.5,47,25.0,False,False,True,High
2204,58,Male,East_General,128,84,1.3,90,25.0,False,False,True,High
2205,50,Male,North_Clinic,144,101,1.0,44,25.0,False,False,True,High
2206,55,Male,North_Clinic,130,88,1.3,25,50.0,False,False,True,Low
2207,62,Female,North_Clinic,150,109,1.2,52,39.0,False,False,True,Medium
2208,37,Female,North_Clinic,120,80,1.1,40,50.0,False,False,True,Low
2209,38,Male,North_Clinic,120,81,1.2,98,25.0,False,False,True,High
2210,41,Male,North_Clinic,130,92,1.1,78,50.0,False,False,True,Low
2211,66,Female,East_General,178,141,1.1,55,20.2,True,False,True,High
2212,52,Male,South_Clinic,112,76,1.1,30,40.0,False,False,True,Medium
2213,56,Male,North_Clinic,120,85,1.0,70,50.0,False,False,True,Low
2214,46,Female,North_Clinic,105,71,1.0,42,50.0,False,False,True,Low
2215,46,Female,North_Clinic,138,105,1.2,22,50.0,False,False,True,Low
2216,64,Female,East_General,130,98,1.5,62,50.0,False,False,True,Low
2217,59,Male,North_Clinic,138,107,1.4,22,50.0,False,False,True,Low
2218,41,Female,North_Clinic,112,62,1.3,42,50.0,False,False,True,Low
2219,54,Female,North_Clinic,108,60,1.3,37,50.0,False,False,True,Low
2220,39,Female,North_Clinic,94,60,1.0,49,50.0,False,False,True,Low
2221,53,Male,East_General,123,76,1.4,65,25.0,False,False,True,High
2222,63,Female,East_General,108,62,1.3,75,38.5,False,False,True,Medium
2223,34,Female,North_Clinic,118,73,1.1,46,50.0,False,False,True,Low
2224,47,Male,North_Clinic,112,68,1.0,45,50.0,False,False,True,Low
2225,67,Female,South_Clinic,152,109,1.4,42,50.0,False,False,True,Low
2226,54,Male,South_Clinic,110,68,1.0,38,25.0,False,False,True,High
2227,66,Male,South_Clinic,112,71,1.1,34,27.0,False,False,True,Medium
2228,52,Female,North_Clinic,136,96,1.0,41,50.0,False,False,True,Low
2229,55,Female,North_Clinic,180,141,1.6,115,30.0,True,False,True,Medium
2230,49,Male,Central_Hospital,118,80,0.7,42,40.0,False,False,True,Medium
2231,74,Female,South_Clinic,120,83,1.3,25,50.0,False,False,True,Low
2232,54,Female,South_Clinic,160,124,1.0,33,50.0,False,False,True,Low
2233,54,Male,East_General,122,87,1.4,110,25.0,False,False,True,High
2234,56,Male,North_Clinic,130,96,1.4,65,30.0,False,False,True,Medium
2235,46,Male,North_Clinic,120,87,1.2,60,40.0,False,False,True,Medium
2236,49,Female,North_Clinic,134,102,1.4,32,50.0,False,False,True,Low
2237,42,Male,North_Clinic,120,89,1.5,32,50.0,False,False,True,Low
2238,41,Male,North_Clinic,110,60,1.2,23,50.0,False,False,True,Low
2239,41,Female,North_Clinic,126,77,1.5,33,50.0,False,False,True,Low
2240,49,Female,North_Clinic,130,82,1.3,33,50.0,False,False,True,Low
2241,61,Male,East_General,134,87,1.2,97,29.5,False,False,True,Medium
2242,60,Female,North_Clinic,120,74,0.9,26,50.0,False,False,True,Low
2243,67,Male,North_Clinic,120,75,1.2,51,26.5,False,False,True,Medium
2244,58,Male,South_Clinic,100,60,1.2,28,30.0,False,False,True,Medium
2245,47,Male,South_Clinic,110,67,1.4,68,40.0,False,False,True,Medium
2246,52,Male,East_General,125,83,1.1,58,25.0,False,False,True,High
2247,62,Male,North_Clinic,128,87,1.0,40,50.0,False,False,True,Low
2248,57,Male,North_Clinic,110,70,1.0,56,50.0,False,False,True,Low
2249,58,Male,South_Clinic,146,107,1.1,75,40.0,False,False,True,Medium
2250,64,Male,South_Clinic,128,90,1.3,39,50.0,False,False,True,Low
2251,51,Female,North_Clinic,120,83,1.5,39,50.0,False,False,True,Low
2252,43,Male,North_Clinic,115,79,1.5,45,50.0,False,False,True,Low
2253,42,Female,North_Clinic,120,85,1.0,43,50.0,False,False,True,Low
2254,67,Female,East_General,106,72,1.1,48,50.0,False,False,True,Low
2255,76,Female,North_Clinic,140,107,1.0,68,50.0,True,False,True,Low
2256,70,Male,North_Clinic,156,124,1.2,43,50.0,False,False,True,Low
2257,57,Male,North_Clinic,124,93,1.3,47,40.0,False,False,True,Medium
2258,44,Female,South_Clinic,118,68,1.2,55,50.0,False,False,True,Low
2259,58,Female,East_General,136,87,1.6,22,25.0,False,False,True,High
2260,60,Female,North_Clinic,150,102,1.2,59,50.0,False,False,True,Low
2261,44,Male,North_Clinic,120,73,1.1,39,50.0,False,False,True,Low
2262,61,Male,South_Clinic,138,92,0.8,97,24.2,False,False,True,High
2263,42,Male,North_Clinic,136,91,1.6,61,30.0,False,False,True,Medium
2264,59,Male,South_Clinic,126,83,1.1,78,30.0,False,False,True,Medium
2265,40,Male,North_Clinic,152,110,1.1,21,40.0,False,False,True,Medium
2266,42,Male,North_Clinic,130,89,0.9,20,50.0,False,False,True,Low
2267,61,Male,South_Clinic,140,100,1.0,76,39.5,False,False,True,Medium
2268,66,Male,North_Clinic,160,121,1.1,84,50.0,False,False,True,Low
2269,46,Male,East_General,140,102,1.6,56,30.0,False,False,True,Medium
2270,71,Female,North_Clinic,112,75,0.7,57,50.0,False,False,True,Low
2271,59,Male,East_General,134,98,1.0,48,40.0,False,False,True,Medium
2272,64,Male,North_Clinic,170,135,1.1,37,50.0,True,False,True,Low
2273,66,Female,South_Clinic,146,112,1.4,22,50.0,False,False,True,Low
2274,39,Female,North_Clinic,138,105,1.1,22,50.0,False,False,True,Low
2275,57,Male,South_Clinic,154,122,1.2,34,40.0,False,False,True,Medium
2276,58,Female,North_Clinic,130,99,1.0,43,50.0,False,False,True,Low
2277,57,Male,South_Clinic,110,60,1.7,103,30.0,False,False,True,Medium
2278,47,Male,North_Clinic,130,81,1.3,49,50.0,False,False,True,Low
2279,55,Female,South_Clinic,128,80,1.0,70,25.0,False,False,True,High
2280,35,Male,North_Clinic,122,75,1.0,44,50.0,False,False,True,Low
2281,61,Male,South_Clinic,148,102,1.0,31,29.5,False,False,True,Medium
2282,58,Male,Central_Hospital,114,69,1.6,128,25.0,False,False,True,High
2283,58,Female,East_General,170,126,1.1,102,30.0,True,False,True,Medium
2284,56,Male,North_Clinic,130,88,1.1,33,50.0,False,False,True,Low
2285,56,Male,North_Clinic,120,79,1.2,39,50.0,False,False,True,Low
2286,67,Male,North_Clinic,152,112,1.1,36,36.5,False,False,True,Medium
2287,55,Female,North_Clinic,132,93,1.7,60,50.0,False,False,True,Low
2288,44,Male,North_Clinic,120,82,0.8,100,30.0,False,False,True,Medium
2289,63,Male,East_General,140,103,0.9,124,28.5,False,False,True,Medium
2290,63,Female,North_Clinic,124,88,1.0,36,38.5,False,False,True,Medium
2291,41,Male,North_Clinic,120,85,0.8,22,50.0,False,False,True,Low
2292,59,Male,East_General,164,130,0.9,40,25.0,True,False,True,High
2293,57,Female,North_Clinic,140,107,1.2,27,40.0,False,False,True,Medium
2294,45,Male,North_Clinic,110,78,1.3,56,40.0,False,False,True,Medium
2295,68,Male,East_General,144,113,1.0,109,26.0,False,False,True,Medium
2296,57,Male,South_Clinic,130,80,0.7,69,25.0,False,False,True,High
2297,57,Female,South_Clinic,130,81,1.2,44,40.0,False,False,True,Medium
