applicant_id,age,gender,foreign_worker,job_skill_level,housing,credit_amount,duration_months,savings_status,credit_risk
1001,67,male,yes,skilled,own,1169,6,no_known_savings,1
1002,22,female,yes,skilled,own,5951,48,less_than_100,0
1003,49,male,yes,unskilled_resident,own,2096,12,less_than_100,1
1004,45,male,yes,skilled,free,7882,42,less_than_100,1
1005,53,male,yes,skilled,free,4870,24,less_than_100,0
1006,35,male,yes,unskilled_resident,free,9055,36,no_known_savings,1
1007,53,male,yes,skilled,own,2835,24,500_to_1000,1
1008,35,male,yes,management_self_employed,rent,6948,36,less_than_100,1
1009,61,male,yes,unskilled_resident,own,3059,12,greater_than_1000,1
1010,28,male,yes,management_self_employed,own,5234,30,less_than_100,0
1011,25,female,yes,skilled,rent,1295,12,less_than_100,0
1012,24,female,yes,skilled,rent,4308,48,less_than_100,0
1013,22,female,yes,skilled,own,1567,12,less_than_100,1
1014,60,male,yes,unskilled_resident,own,1199,24,less_than_100,0
1015,28,female,yes,skilled,rent,1403,15,less_than_100,1
1016,32,female,yes,unskilled_resident,own,1282,24,100_to_500,0
1017,53,male,yes,skilled,own,2424,24,no_known_savings,1
1018,25,male,yes,skilled,own,8072,30,no_known_savings,1
1019,44,female,yes,management_self_employed,free,12579,24,less_than_100,0
1020,31,male,yes,skilled,own,3430,24,500_to_1000,1
1021,48,male,yes,skilled,own,2134,9,less_than_100,1
1022,44,male,yes,skilled,rent,2647,6,500_to_1000,1
1023,48,male,no,unskilled_resident,rent,2241,10,less_than_100,1
1024,44,male,yes,skilled,own,1804,12,100_to_500,1
1025,26,male,no,skilled,own,2069,10,no_known_savings,1
1026,36,male,yes,unskilled_resident,own,1374,6,less_than_100,1
1027,39,male,yes,unskilled_resident,own,426,6,less_than_100,1
1028,42,female,yes,skilled,rent,409,12,greater_than_1000,1
1029,34,male,yes,skilled,own,2415,7,less_than_100,1
1030,63,male,yes,skilled,own,6836,60,less_than_100,0
1031,36,male,yes,skilled,own,1913,18,greater_than_1000,1
1032,27,male,yes,skilled,own,4020,24,less_than_100,1
1033,30,male,yes,skilled,own,5866,18,100_to_500,1
1034,57,male,yes,unskilled_resident,rent,1264,12,no_known_savings,1
1035,33,female,yes,management_self_employed,own,1474,12,less_than_100,1
1036,25,male,yes,unskilled_resident,own,4746,45,less_than_100,0
1037,31,male,yes,skilled,free,6110,48,less_than_100,1
1038,37,male,yes,skilled,own,2100,18,less_than_100,0
1039,37,male,yes,skilled,own,1225,10,less_than_100,1
1040,24,male,yes,skilled,own,458,9,less_than_100,1
1041,30,male,yes,management_self_employed,own,2333,30,500_to_1000,1
1042,26,male,yes,skilled,own,1158,12,500_to_1000,1
1043,44,male,yes,unskilled_resident,own,6204,18,less_than_100,1
1044,24,male,yes,skilled,rent,6187,30,100_to_500,1
1045,58,female,yes,unskilled_resident,free,6143,48,less_than_100,0
1046,35,female,yes,management_self_employed,own,1393,11,less_than_100,1
1047,39,male,yes,skilled,own,2299,36,500_to_1000,1
1048,23,female,yes,unskilled_non_resident,rent,1352,6,500_to_1000,1
1049,39,male,yes,unskilled_resident,own,7228,11,less_than_100,1
1050,28,female,yes,skilled,own,2073,12,100_to_500,1
1051,29,male,yes,unskilled_resident,own,2333,24,no_known_savings,1
1052,30,male,yes,management_self_employed,own,5965,27,less_than_100,1
1053,25,male,yes,skilled,own,1262,12,less_than_100,1
1054,31,male,yes,skilled,own,3378,18,no_known_savings,1
1055,57,male,yes,skilled,free,2225,36,less_than_100,0
1056,26,male,yes,unskilled_resident,own,783,6,no_known_savings,1
1057,52,male,yes,management_self_employed,own,6468,12,no_known_savings,0
1058,31,female,yes,skilled,own,9566,36,less_than_100,1
1059,23,female,yes,management_self_employed,own,1961,18,less_than_100,1
1060,23,female,yes,unskilled_resident,rent,6229,36,less_than_100,0
1061,27,male,yes,skilled,own,1391,9,less_than_100,1
1062,50,male,yes,skilled,own,1537,15,no_known_savings,1
1063,61,male,yes,management_self_employed,free,1953,36,less_than_100,0
1064,25,male,yes,skilled,own,14421,48,less_than_100,0
1065,26,female,yes,skilled,own,3181,24,less_than_100,1
1066,48,male,yes,skilled,own,5190,27,no_known_savings,1
1067,29,female,yes,skilled,own,2171,12,less_than_100,1
1068,22,male,yes,skilled,own,1007,12,greater_than_1000,1
1069,37,male,yes,skilled,free,1819,36,less_than_100,0
1070,25,female,yes,skilled,own,2394,36,no_known_savings,1
1071,30,female,yes,skilled,own,8133,36,less_than_100,1
1072,46,male,yes,unskilled_resident,rent,730,7,no_known_savings,1
1073,51,male,yes,management_self_employed,free,1164,8,less_than_100,1
1074,41,female,yes,unskilled_resident,own,5954,42,less_than_100,1
1075,40,male,yes,management_self_employed,own,1977,36,no_known_savings,0
1076,66,male,yes,management_self_employed,free,1526,12,less_than_100,1
1077,34,male,yes,skilled,own,3965,42,less_than_100,0
1078,51,male,yes,skilled,own,4771,11,less_than_100,1
1079,39,male,yes,unskilled_resident,own,9436,54,no_known_savings,1
1080,22,male,yes,skilled,own,3832,30,less_than_100,1
1081,44,female,yes,skilled,own,5943,24,no_known_savings,0
1082,47,male,yes,skilled,own,1213,15,500_to_1000,1
1083,24,female,yes,unskilled_resident,rent,1568,18,100_to_500,1
1084,58,female,yes,unskilled_resident,own,1755,24,less_than_100,1
1085,52,male,yes,unskilled_resident,own,2315,10,less_than_100,1
1086,29,female,yes,management_self_employed,own,1412,12,less_than_100,1
1087,27,female,yes,skilled,own,1295,18,less_than_100,1
1088,47,male,yes,skilled,free,12612,36,100_to_500,0
1089,30,male,yes,management_self_employed,own,2249,18,100_to_500,1
1090,28,male,yes,skilled,own,1108,12,less_than_100,0
1091,56,male,yes,skilled,own,618,12,less_than_100,1
1092,54,male,yes,skilled,own,1409,12,less_than_100,1
1093,33,female,yes,unskilled_resident,own,797,12,no_known_savings,0
1094,20,male,yes,skilled,rent,3617,24,no_known_savings,1
1095,54,male,yes,skilled,own,1318,12,greater_than_1000,1
1096,58,male,yes,skilled,rent,15945,54,less_than_100,0
1097,61,female,yes,skilled,own,2012,12,no_known_savings,1
1098,34,male,yes,skilled,own,2622,18,100_to_500,1
1099,36,male,yes,skilled,own,2337,36,less_than_100,1
1100,36,male,yes,management_self_employed,rent,7057,20,no_known_savings,1
1101,41,male,yes,unskilled_resident,rent,1469,24,100_to_500,1
1102,24,male,yes,skilled,rent,2323,36,less_than_100,1
1103,24,female,yes,skilled,own,932,6,less_than_100,1
1104,35,male,yes,skilled,rent,1919,9,less_than_100,1
1105,26,male,yes,skilled,rent,2445,12,no_known_savings,1
1106,39,male,yes,management_self_employed,own,11938,24,less_than_100,0
1107,39,male,yes,management_self_employed,own,6458,18,less_than_100,0
1108,32,male,yes,skilled,own,6078,12,less_than_100,1
1109,30,female,no,skilled,own,7721,24,no_known_savings,1
1110,35,male,yes,skilled,own,1410,14,500_to_1000,1
1111,31,male,yes,skilled,own,1449,6,100_to_500,1
1112,23,female,yes,skilled,rent,392,15,less_than_100,1
1113,28,male,yes,unskilled_resident,rent,6260,18,less_than_100,1
1114,25,female,yes,skilled,own,7855,36,less_than_100,0
1115,35,male,yes,skilled,own,1680,12,500_to_1000,1
1116,47,male,yes,skilled,own,3578,48,no_known_savings,1
1117,30,female,yes,management_self_employed,own,7174,42,no_known_savings,0
1118,27,female,no,skilled,rent,2132,10,no_known_savings,1
1119,23,female,yes,skilled,own,4281,33,500_to_1000,0
1120,36,male,yes,management_self_employed,own,2366,12,500_to_1000,1
1121,25,female,yes,skilled,own,1835,21,less_than_100,0
1122,41,female,yes,management_self_employed,rent,3868,24,less_than_100,1
1123,24,male,yes,unskilled_resident,rent,1768,12,less_than_100,1
1124,63,male,yes,skilled,free,781,10,less_than_100,1
1125,27,female,yes,skilled,rent,1924,18,no_known_savings,0
1126,30,male,yes,skilled,own,2121,12,less_than_100,1
1127,40,male,yes,unskilled_resident,own,701,12,less_than_100,1
1128,30,male,yes,skilled,own,639,12,less_than_100,0
1129,34,male,yes,management_self_employed,own,1860,12,less_than_100,1
1130,29,female,yes,skilled,own,3499,12,less_than_100,0
1131,24,female,yes,skilled,own,8487,48,no_known_savings,1
1132,29,male,yes,skilled,own,6887,36,less_than_100,0
1133,27,male,yes,unskilled_resident,own,2708,15,less_than_100,1
1134,47,male,yes,skilled,free,1984,18,less_than_100,1
1135,21,female,yes,skilled,own,10144,60,100_to_500,1
1136,38,female,yes,skilled,own,1240,12,no_known_savings,1
1137,27,male,yes,skilled,own,8613,27,greater_than_1000,1
1138,66,male,yes,unskilled_resident,own,766,12,500_to_1000,0
1139,35,male,yes,skilled,own,2728,15,no_known_savings,1
1140,44,female,yes,unskilled_resident,rent,1881,12,less_than_100,1
1141,27,male,no,unskilled_non_resident,own,709,6,greater_than_1000,1
1142,30,female,yes,management_self_employed,own,4795,36,less_than_100,1
1143,27,male,yes,management_self_employed,own,3416,27,less_than_100,1
1144,22,male,yes,skilled,own,2462,18,less_than_100,0
1145,23,female,yes,skilled,own,2288,21,less_than_100,1
1146,30,male,yes,skilled,own,3566,48,100_to_500,1
1147,39,female,yes,skilled,own,860,6,less_than_100,1
1148,51,female,yes,skilled,own,682,12,100_to_500,1
1149,28,male,yes,skilled,own,5371,36,less_than_100,1
1150,46,male,yes,skilled,own,1582,18,greater_than_1000,1
1151,42,male,yes,skilled,free,1346,6,100_to_500,1
1152,38,male,no,skilled,own,1924,10,less_than_100,1
1153,24,male,yes,skilled,own,5848,36,less_than_100,1
1154,29,female,yes,skilled,rent,7758,24,greater_than_1000,1
1155,36,male,yes,management_self_employed,rent,6967,24,100_to_500,1
1156,20,female,yes,skilled,rent,1282,12,less_than_100,0
1157,48,male,no,skilled,own,1288,9,100_to_500,1
1158,45,male,yes,unskilled_resident,own,339,12,less_than_100,1
1159,38,male,yes,skilled,own,3512,24,100_to_500,1
1160,34,male,yes,unskilled_resident,own,1898,6,no_known_savings,1
1161,36,male,yes,skilled,own,2872,24,100_to_500,1
1162,30,female,yes,skilled,own,1055,18,less_than_100,1
1163,36,male,yes,skilled,own,1262,15,500_to_1000,1
1164,70,male,yes,management_self_employed,free,7308,10,less_than_100,1
1165,36,male,yes,skilled,own,909,36,500_to_1000,1
1166,32,male,yes,skilled,own,2978,6,500_to_1000,1
1167,33,female,yes,skilled,own,1131,18,less_than_100,0
1168,20,female,yes,skilled,own,1577,11,greater_than_1000,1
1169,25,female,yes,skilled,rent,3972,24,less_than_100,1
1170,31,male,yes,skilled,own,1935,24,less_than_100,0
1171,33,male,yes,skilled,rent,950,15,less_than_100,0
1172,26,female,yes,skilled,own,763,12,less_than_100,1
1173,34,female,yes,management_self_employed,own,2064,24,less_than_100,0
1174,33,male,no,skilled,own,1414,8,less_than_100,1
1175,26,male,yes,skilled,own,3414,21,less_than_100,0
1176,53,female,yes,management_self_employed,own,7485,30,no_known_savings,0
1177,42,male,yes,skilled,own,2577,12,less_than_100,1
1178,52,male,yes,skilled,own,338,6,500_to_1000,1
1179,31,male,yes,management_self_employed,rent,1963,12,less_than_100,1
1180,65,male,yes,skilled,own,571,21,less_than_100,1
1181,28,male,yes,skilled,own,9572,36,less_than_100,0
1182,30,male,yes,management_self_employed,own,4455,36,less_than_100,0
1183,40,male,yes,unskilled_resident,own,1647,21,no_known_savings,0
1184,50,male,yes,skilled,own,3777,24,greater_than_1000,1
1185,36,male,yes,skilled,own,884,18,less_than_100,0
1186,31,male,yes,skilled,own,1360,15,less_than_100,1
1187,74,female,yes,management_self_employed,free,5129,9,less_than_100,0
1188,68,male,yes,unskilled_non_resident,free,1175,16,less_than_100,1
1189,20,male,yes,skilled,own,674,12,100_to_500,0
1190,33,female,yes,skilled,own,3244,18,less_than_100,1
1191,54,male,yes,management_self_employed,own,4591,24,greater_than_1000,0
1192,34,male,yes,unskilled_resident,free,3844,48,100_to_500,0
1193,36,male,yes,skilled,own,3915,27,less_than_100,0
1194,29,male,yes,skilled,rent,2108,6,less_than_100,1
1195,21,male,yes,skilled,rent,3031,45,100_to_500,0
1196,34,female,yes,management_self_employed,own,1501,9,less_than_100,0
1197,28,female,yes,skilled,own,1382,6,less_than_100,1
1198,27,female,yes,skilled,rent,951,12,100_to_500,0
1199,36,male,yes,skilled,free,2760,24,no_known_savings,1
1200,40,male,yes,management_self_employed,own,4297,18,less_than_100,0
1201,52,male,yes,skilled,own,936,9,500_to_1000,1
1202,27,male,yes,unskilled_resident,own,1168,12,less_than_100,1
1203,26,male,yes,skilled,own,5117,27,less_than_100,1
1204,21,male,yes,skilled,rent,902,12,less_than_100,0
1205,38,male,yes,unskilled_resident,own,1495,12,less_than_100,1
1206,38,male,yes,management_self_employed,free,10623,30,less_than_100,1
1207,43,male,yes,skilled,own,1935,12,less_than_100,1
1208,26,male,yes,skilled,own,1424,12,less_than_100,1
1209,21,male,yes,unskilled_resident,own,6568,24,less_than_100,1
1210,55,male,no,skilled,own,1413,12,greater_than_1000,1
1211,33,male,yes,skilled,own,3074,9,no_known_savings,1
1212,45,female,yes,unskilled_resident,own,3835,36,no_known_savings,1
1213,50,male,yes,skilled,own,5293,27,less_than_100,0
1214,66,male,yes,management_self_employed,own,1908,30,less_than_100,0
1215,51,male,yes,skilled,own,3342,36,no_known_savings,1
1216,39,female,yes,unskilled_resident,own,932,6,no_known_savings,1
1217,31,male,yes,skilled,own,3104,18,less_than_100,1
1218,23,male,yes,skilled,own,3913,36,less_than_100,1
1219,24,male,yes,unskilled_resident,rent,3021,24,less_than_100,1
1220,64,female,yes,skilled,own,1364,10,less_than_100,1
1221,26,male,yes,unskilled_resident,own,625,12,less_than_100,1
1222,23,female,yes,skilled,rent,1200,12,no_known_savings,1
1223,30,male,yes,skilled,own,707,12,less_than_100,1
1224,32,male,yes,skilled,own,2978,24,no_known_savings,1
1225,30,male,yes,skilled,own,4657,15,less_than_100,1
1226,27,male,yes,skilled,own,2613,36,less_than_100,1
1227,27,male,yes,skilled,own,10961,48,greater_than_1000,0
1228,53,male,yes,management_self_employed,free,7865,12,less_than_100,0
1229,22,male,yes,skilled,own,1478,9,less_than_100,0
1230,22,male,yes,skilled,free,3149,24,less_than_100,1
1231,26,male,yes,skilled,own,4210,36,less_than_100,0
1232,51,male,yes,unskilled_resident,free,2507,9,500_to_1000,1
1233,35,male,yes,skilled,own,2141,12,100_to_500,1
1234,25,male,yes,unskilled_resident,own,866,18,less_than_100,1
1235,42,male,yes,unskilled_resident,own,1544,4,less_than_100,1
1236,30,male,yes,management_self_employed,own,1823,24,less_than_100,0
1237,23,male,yes,unskilled_non_resident,own,14555,6,no_known_savings,0
1238,61,male,yes,unskilled_resident,rent,2767,21,100_to_500,0
1239,35,female,yes,skilled,own,1291,12,less_than_100,1
1240,39,male,yes,skilled,own,2522,30,less_than_100,1
1241,29,female,yes,skilled,own,915,24,no_known_savings,0
1242,51,male,yes,skilled,own,1595,6,less_than_100,1
1243,24,male,yes,skilled,free,4605,48,less_than_100,0
1244,27,female,yes,skilled,own,1185,12,less_than_100,1
1245,35,female,yes,unskilled_resident,own,3447,12,500_to_1000,1
1246,25,male,yes,skilled,own,1258,24,less_than_100,1
1247,52,male,yes,skilled,own,717,12,less_than_100,1
1248,35,male,no,skilled,rent,1204,6,100_to_500,1
1249,26,male,yes,skilled,own,1925,24,less_than_100,1
1250,22,female,yes,skilled,rent,433,18,less_than_100,0
1251,39,female,yes,unskilled_resident,own,666,6,greater_than_1000,1
1252,46,female,yes,unskilled_resident,own,2251,12,less_than_100,1
1253,24,female,yes,skilled,own,2150,30,less_than_100,0
1254,35,male,yes,skilled,own,4151,24,100_to_500,1
1255,24,male,yes,skilled,own,2030,9,no_known_savings,1
1256,27,male,yes,unskilled_resident,own,7418,60,no_known_savings,1
1257,35,male,yes,unskilled_resident,own,2684,24,less_than_100,1
1258,29,male,yes,skilled,free,2149,12,less_than_100,0
1259,23,female,yes,skilled,own,3812,15,100_to_500,1
1260,57,female,yes,unskilled_resident,own,1154,11,100_to_500,1
1261,27,male,yes,skilled,own,1657,12,less_than_100,1
1262,55,female,yes,skilled,own,1603,24,less_than_100,1
1263,36,male,yes,management_self_employed,free,5302,18,less_than_100,1
1264,57,female,yes,unskilled_resident,free,2748,12,less_than_100,1
1265,32,male,no,unskilled_resident,own,1231,10,less_than_100,1
1266,37,male,yes,skilled,own,802,15,less_than_100,0
1267,36,male,yes,skilled,own,6304,36,no_known_savings,1
1268,38,female,yes,skilled,own,1533,24,less_than_100,1
1269,45,male,no,management_self_employed,own,8978,14,less_than_100,0
1270,25,male,yes,skilled,own,999,24,no_known_savings,1
1271,32,male,no,skilled,own,2662,18,no_known_savings,1
1272,37,female,yes,skilled,rent,1402,12,500_to_1000,1
1273,36,male,yes,management_self_employed,free,12169,48,no_known_savings,1
1274,28,male,yes,skilled,own,3060,48,less_than_100,0
1275,34,male,yes,unskilled_resident,own,11998,30,less_than_100,0
1276,32,male,yes,skilled,own,2697,9,less_than_100,1
1277,26,female,yes,skilled,own,2404,18,less_than_100,1
1278,49,male,yes,unskilled_resident,own,1262,12,no_known_savings,1
1279,32,female,yes,skilled,own,4611,6,less_than_100,0
1280,29,male,yes,management_self_employed,rent,1901,24,100_to_500,1
1281,23,male,yes,skilled,rent,3368,15,greater_than_1000,1
1282,50,male,yes,skilled,own,1574,12,less_than_100,1
1283,49,male,yes,unskilled_resident,own,1445,18,no_known_savings,1
1284,63,male,yes,skilled,own,1520,15,no_known_savings,1
1285,37,male,yes,skilled,own,3878,24,100_to_500,1
1286,35,female,yes,unskilled_resident,own,10722,47,less_than_100,1
1287,26,male,yes,skilled,own,4788,48,less_than_100,1
1288,31,male,yes,management_self_employed,free,7582,48,100_to_500,1
1289,49,female,yes,skilled,own,1092,12,less_than_100,1
1290,48,male,yes,skilled,own,1024,24,less_than_100,0
1291,26,male,no,skilled,own,1076,12,less_than_100,1
1292,28,male,yes,management_self_employed,rent,9398,36,less_than_100,0
1293,44,female,yes,management_self_employed,free,6419,24,less_than_100,1
1294,56,male,yes,skilled,free,4796,42,less_than_100,1
1295,46,male,yes,management_self_employed,own,7629,48,no_known_savings,1
1296,26,female,yes,skilled,own,9960,48,less_than_100,0
1297,20,female,yes,skilled,rent,4675,12,no_known_savings,1
1298,45,male,no,unskilled_resident,own,1287,10,no_known_savings,1
1299,43,male,yes,skilled,own,2515,18,less_than_100,1
1300,32,male,yes,skilled,own,2745,21,greater_than_1000,1
1301,54,female,yes,unskilled_non_resident,own,672,6,less_than_100,1
1302,42,female,yes,skilled,own,3804,36,less_than_100,0
1303,37,male,yes,unskilled_resident,own,1344,24,no_known_savings,0
1304,49,male,yes,skilled,own,1038,10,less_than_100,1
1305,44,male,yes,skilled,free,10127,48,500_to_1000,0
1306,33,male,yes,skilled,own,1543,6,greater_than_1000,1
1307,24,female,yes,unskilled_resident,rent,4811,30,no_known_savings,1
1308,33,male,yes,unskilled_resident,own,727,12,100_to_500,0
1309,24,female,yes,skilled,own,1237,8,less_than_100,0
1310,22,male,yes,unskilled_resident,rent,276,9,less_than_100,1
1311,40,male,yes,unskilled_non_resident,free,5381,48,no_known_savings,1
1312,25,male,yes,skilled,own,5511,24,100_to_500,1
1313,26,female,yes,skilled,own,3749,24,less_than_100,1
1314,25,male,yes,unskilled_resident,own,685,12,less_than_100,0
1315,29,male,no,unskilled_resident,own,1494,4,no_known_savings,1
1316,31,male,yes,skilled,own,2746,36,less_than_100,0
1317,38,male,yes,unskilled_resident,own,708,12,less_than_100,1
1318,48,female,yes,unskilled_resident,own,4351,24,no_known_savings,1
1319,32,male,yes,skilled,own,701,12,less_than_100,1
1320,27,female,yes,unskilled_resident,own,3643,15,less_than_100,1
1321,28,male,yes,management_self_employed,own,4249,30,less_than_100,0
1322,32,male,yes,skilled,own,1938,24,less_than_100,0
1323,34,male,yes,management_self_employed,free,2910,24,less_than_100,1
1324,28,male,yes,skilled,own,2659,18,greater_than_1000,1
1325,36,female,yes,skilled,own,1028,18,less_than_100,1
1326,39,male,no,unskilled_resident,own,3398,8,less_than_100,1
1327,49,male,yes,skilled,rent,5801,12,no_known_savings,1
1328,34,female,yes,skilled,own,1525,24,greater_than_1000,1
1329,31,male,yes,skilled,own,4473,36,less_than_100,1
1330,28,male,yes,skilled,own,1068,6,less_than_100,1
1331,75,male,yes,management_self_employed,free,6615,24,less_than_100,1
1332,30,female,yes,skilled,own,1864,18,100_to_500,0
1333,24,female,yes,management_self_employed,own,7408,60,100_to_500,0
1334,24,female,yes,unskilled_resident,rent,11590,48,100_to_500,0
1335,23,male,yes,skilled,rent,4110,24,less_than_100,0
1336,44,male,yes,management_self_employed,rent,3384,6,less_than_100,0
1337,23,female,yes,unskilled_resident,own,2101,13,less_than_100,1
1338,24,female,yes,skilled,rent,1275,15,no_known_savings,0
1339,28,male,yes,skilled,own,4169,24,less_than_100,1
1340,31,male,yes,unskilled_resident,own,1521,10,less_than_100,1
1341,24,female,yes,skilled,free,5743,24,less_than_100,1
1342,26,female,yes,unskilled_resident,rent,3599,21,less_than_100,1
1343,25,male,yes,skilled,rent,3213,18,500_to_1000,1
1344,33,male,yes,management_self_employed,own,4439,18,less_than_100,1
1345,37,male,yes,unskilled_resident,own,3949,10,less_than_100,1
1346,43,female,yes,unskilled_resident,own,1459,15,less_than_100,1
1347,23,male,yes,skilled,own,882,13,less_than_100,1
1348,23,female,yes,unskilled_non_resident,rent,3758,24,500_to_1000,1
1349,34,male,yes,unskilled_resident,own,1743,6,100_to_500,1
1350,32,male,yes,skilled,free,1136,9,greater_than_1000,0
1351,23,female,yes,skilled,rent,1236,9,less_than_100,1
1352,29,female,no,skilled,own,959,9,less_than_100,0
1353,38,male,yes,management_self_employed,own,3229,18,no_known_savings,1
1354,28,male,yes,skilled,rent,6199,12,less_than_100,0
1355,46,male,yes,skilled,free,727,10,500_to_1000,1
1356,23,male,yes,unskilled_resident,own,1246,24,less_than_100,0
1357,49,male,yes,skilled,own,2331,12,no_known_savings,1
1358,26,male,yes,management_self_employed,own,4463,36,less_than_100,0
1359,28,male,yes,skilled,own,776,12,less_than_100,1
1360,23,female,yes,skilled,rent,2406,30,less_than_100,0
1361,61,male,yes,skilled,free,1239,18,no_known_savings,1
1362,37,male,yes,management_self_employed,own,3399,12,no_known_savings,1
1363,36,female,yes,skilled,own,2247,12,less_than_100,1
1364,21,male,yes,skilled,rent,1766,6,less_than_100,1
1365,25,male,yes,unskilled_non_resident,own,2473,18,less_than_100,0
1366,36,male,yes,skilled,own,1542,12,less_than_100,1
1367,27,male,yes,skilled,own,3850,18,less_than_100,1
1368,22,female,yes,skilled,rent,3650,18,less_than_100,1
1369,42,male,yes,skilled,own,3446,36,less_than_100,0
1370,40,female,yes,skilled,rent,3001,18,less_than_100,1
1371,36,male,yes,skilled,own,3079,36,no_known_savings,1
1372,33,male,yes,skilled,own,6070,18,less_than_100,1
1373,23,female,yes,skilled,rent,2146,10,less_than_100,1
1374,63,male,yes,management_self_employed,free,13756,60,no_known_savings,1
1375,60,female,yes,management_self_employed,free,14782,60,100_to_500,0
1376,37,female,yes,skilled,rent,7685,48,less_than_100,0
1377,34,male,yes,skilled,own,2320,18,less_than_100,1
1378,36,male,yes,skilled,free,846,7,no_known_savings,1
1379,57,male,yes,management_self_employed,free,14318,36,less_than_100,0
1380,52,female,yes,unskilled_resident,own,362,6,100_to_500,1
1381,39,male,yes,skilled,own,2212,20,no_known_savings,1
1382,38,female,yes,management_self_employed,free,12976,18,less_than_100,0
1383,25,female,yes,skilled,rent,1283,22,no_known_savings,1
1384,26,male,yes,skilled,own,1330,12,less_than_100,1
1385,26,male,yes,unskilled_resident,own,4272,30,100_to_500,1
1386,25,female,yes,skilled,own,2238,18,less_than_100,1
1387,21,female,yes,skilled,rent,1126,18,no_known_savings,1
1388,40,male,yes,management_self_employed,own,7374,18,less_than_100,1
1389,27,male,yes,skilled,own,2326,15,500_to_1000,1
1390,27,female,yes,skilled,own,1449,9,less_than_100,1
1391,30,male,yes,management_self_employed,own,1820,18,less_than_100,1
1392,19,female,yes,unskilled_resident,rent,983,12,greater_than_1000,1
1393,39,male,yes,management_self_employed,free,3249,36,less_than_100,1
1394,31,female,yes,skilled,own,1957,6,less_than_100,1
1395,31,male,yes,management_self_employed,own,2406,9,less_than_100,1
1396,32,male,yes,skilled,rent,11760,39,100_to_500,1
1397,55,female,yes,management_self_employed,free,2578,12,less_than_100,1
1398,46,male,yes,skilled,own,2348,36,less_than_100,1
1399,46,male,yes,skilled,rent,1223,12,less_than_100,0
1400,43,female,yes,unskilled_resident,own,1516,24,greater_than_1000,1
1401,39,male,yes,skilled,own,1473,18,less_than_100,1
1402,28,male,yes,skilled,own,1887,18,no_known_savings,1
1403,27,male,yes,skilled,own,8648,24,less_than_100,0
1404,27,male,yes,unskilled_resident,own,802,14,less_than_100,1
1405,43,male,yes,skilled,own,2899,18,no_known_savings,1
1406,22,male,yes,skilled,own,2039,24,less_than_100,0
1407,43,male,yes,skilled,own,2197,24,no_known_savings,1
1408,27,male,no,skilled,own,1053,15,less_than_100,1
1409,26,male,yes,management_self_employed,own,3235,24,500_to_1000,1
1410,28,male,yes,skilled,own,939,12,500_to_1000,0
1411,20,female,yes,skilled,own,1967,24,less_than_100,1
1412,35,male,yes,management_self_employed,own,7253,33,less_than_100,1
1413,42,male,yes,management_self_employed,own,2292,12,less_than_100,0
1414,40,male,no,unskilled_resident,rent,1597,10,500_to_1000,1
1415,35,female,yes,skilled,own,1381,24,no_known_savings,0
1416,35,male,yes,skilled,own,5842,36,less_than_100,1
1417,33,male,yes,unskilled_resident,own,2579,12,less_than_100,0
1418,23,female,yes,skilled,rent,8471,18,no_known_savings,1
1419,31,female,yes,management_self_employed,own,2782,21,500_to_1000,1
1420,33,female,yes,skilled,own,1042,18,no_known_savings,0
1421,20,female,yes,skilled,rent,3186,15,greater_than_1000,1
1422,30,male,yes,skilled,own,2028,12,no_known_savings,1
1423,47,male,yes,unskilled_resident,own,958,12,less_than_100,1
1424,34,male,yes,management_self_employed,own,1591,21,100_to_500,1
1425,25,female,yes,skilled,own,2762,12,no_known_savings,0
1426,21,male,yes,skilled,rent,2779,18,less_than_100,1
1427,29,male,yes,skilled,own,2743,28,less_than_100,1
1428,46,male,yes,skilled,own,1149,18,greater_than_1000,1
1429,20,male,yes,skilled,own,1313,9,less_than_100,1
1430,55,female,yes,unskilled_non_resident,free,1190,18,less_than_100,0
1431,74,male,yes,unskilled_resident,own,3448,5,less_than_100,1
1432,29,male,yes,management_self_employed,own,11328,24,less_than_100,0
1433,36,male,yes,management_self_employed,free,1872,6,less_than_100,1
1434,33,male,yes,skilled,own,2058,24,less_than_100,1
1435,25,male,yes,skilled,own,2136,9,less_than_100,1
1436,25,male,yes,skilled,own,1484,12,no_known_savings,0
1437,23,male,yes,unskilled_resident,rent,660,6,500_to_1000,1
1438,37,female,yes,skilled,own,1287,24,greater_than_1000,1
1439,65,male,yes,unskilled_non_resident,own,3394,42,less_than_100,1
1440,26,female,yes,unskilled_non_resident,own,609,12,less_than_100,0
1441,39,male,yes,management_self_employed,own,1884,12,less_than_100,1
1442,30,female,yes,skilled,own,1620,12,less_than_100,1
1443,29,male,yes,skilled,own,2629,20,less_than_100,1
1444,41,male,yes,unskilled_resident,own,719,12,less_than_100,0
1445,30,female,yes,management_self_employed,own,5096,48,less_than_100,0
1446,41,female,yes,unskilled_resident,rent,1244,9,no_known_savings,1
1447,34,female,yes,skilled,own,1842,36,less_than_100,0
1448,35,male,yes,skilled,own,2576,7,less_than_100,1
1449,55,female,yes,management_self_employed,own,1424,12,no_known_savings,1
1450,61,male,yes,skilled,own,1512,15,greater_than_1000,0
1451,30,male,yes,management_self_employed,own,11054,36,no_known_savings,1
1452,29,female,yes,skilled,own,518,6,less_than_100,1
1453,34,male,yes,skilled,own,2759,12,less_than_100,1
1454,35,male,yes,management_self_employed,own,2670,24,less_than_100,1
1455,31,male,yes,skilled,own,4817,24,less_than_100,0
1456,29,female,yes,management_self_employed,own,2679,24,less_than_100,1
1457,36,male,yes,skilled,rent,3905,11,less_than_100,1
1458,35,male,yes,skilled,free,3386,12,less_than_100,0
1459,27,female,yes,skilled,own,343,6,less_than_100,1
1460,32,male,yes,skilled,own,4594,18,less_than_100,1
1461,37,male,yes,skilled,own,3620,36,less_than_100,1
1462,36,male,yes,skilled,own,1721,15,less_than_100,1
1463,34,female,yes,management_self_employed,rent,3017,12,less_than_100,1
1464,38,male,yes,skilled,own,754,12,no_known_savings,1
1465,34,male,yes,skilled,own,1950,18,less_than_100,1
1466,63,male,yes,skilled,own,2924,24,less_than_100,1
1467,29,female,yes,unskilled_resident,rent,1659,24,less_than_100,0
1468,32,male,yes,skilled,own,7238,48,no_known_savings,1
1469,26,female,yes,skilled,own,2764,33,less_than_100,1
1470,35,male,yes,unskilled_resident,own,4679,24,less_than_100,1
1471,22,male,yes,skilled,rent,3092,24,100_to_500,0
1472,23,female,yes,skilled,own,448,6,less_than_100,0
1473,28,male,yes,unskilled_resident,own,654,9,less_than_100,0
1474,36,male,yes,management_self_employed,own,1238,6,no_known_savings,1
1475,33,male,yes,skilled,own,1245,18,less_than_100,0
1476,26,female,yes,skilled,rent,3114,18,less_than_100,0
1477,24,male,yes,skilled,own,2569,39,500_to_1000,1
1478,25,male,yes,skilled,own,5152,24,less_than_100,1
1479,39,male,yes,unskilled_resident,own,1037,12,100_to_500,1
1480,44,male,yes,skilled,own,1478,15,less_than_100,1
1481,23,female,yes,unskilled_resident,own,3573,12,less_than_100,1
1482,26,male,yes,skilled,own,1201,24,less_than_100,1
1483,57,female,yes,skilled,rent,3622,30,greater_than_1000,1
1484,30,female,yes,skilled,own,960,15,greater_than_1000,1
1485,44,male,yes,skilled,own,1163,12,500_to_1000,1
1486,47,male,yes,management_self_employed,own,1209,6,less_than_100,0
1487,52,male,yes,skilled,own,3077,12,less_than_100,1
1488,62,female,yes,skilled,free,3757,24,less_than_100,1
1489,35,male,no,unskilled_resident,rent,1418,10,100_to_500,1
1490,26,male,yes,skilled,rent,3518,6,less_than_100,1
1491,26,male,yes,skilled,own,1934,12,less_than_100,1
1492,42,female,yes,management_self_employed,free,8318,27,less_than_100,0
1493,27,female,yes,skilled,own,1237,6,100_to_500,1
1494,38,male,yes,skilled,own,368,6,no_known_savings,1
1495,39,male,no,unskilled_resident,rent,2122,12,less_than_100,1
1496,20,male,yes,skilled,own,2996,24,no_known_savings,0
1497,29,male,yes,management_self_employed,rent,9034,36,100_to_500,0
1498,40,male,yes,skilled,own,1585,24,less_than_100,1
1499,32,male,yes,unskilled_resident,own,1301,18,less_than_100,1
1500,28,male,yes,skilled,own,1323,6,100_to_500,1
1501,27,female,yes,skilled,own,3123,24,less_than_100,0
1502,42,male,yes,skilled,free,5493,36,less_than_100,1
1503,49,male,yes,skilled,own,1126,9,100_to_500,1
1504,38,male,yes,skilled,own,1216,24,100_to_500,0
1505,24,female,yes,skilled,rent,1207,24,less_than_100,0
1506,27,male,yes,unskilled_resident,own,1309,10,no_known_savings,0
1507,36,male,yes,skilled,own,2360,15,500_to_1000,1
1508,34,male,yes,management_self_employed,own,6850,15,100_to_500,0
1509,28,male,yes,skilled,own,1413,24,less_than_100,1
1510,45,male,yes,management_self_employed,own,8588,39,100_to_500,1
1511,26,male,yes,skilled,own,759,12,less_than_100,0
1512,32,male,yes,management_self_employed,free,4686,36,less_than_100,1
1513,26,male,yes,skilled,rent,2687,15,less_than_100,1
1514,20,male,yes,skilled,rent,585,12,less_than_100,1
1515,54,male,yes,skilled,own,2255,24,no_known_savings,1
1516,37,female,no,skilled,own,609,6,less_than_100,1
1517,40,male,no,unskilled_resident,own,1361,6,less_than_100,1
1518,23,female,yes,skilled,rent,7127,36,less_than_100,0
1519,43,male,yes,skilled,own,1203,6,100_to_500,1
1520,36,male,yes,skilled,free,700,6,no_known_savings,1
1521,44,male,yes,skilled,free,5507,24,less_than_100,1
1522,24,female,yes,skilled,own,3190,18,less_than_100,0
1523,53,male,yes,skilled,free,7119,48,less_than_100,0
1524,23,female,yes,skilled,own,3488,24,100_to_500,1
1525,26,female,yes,unskilled_resident,own,1113,18,less_than_100,1
1526,30,male,yes,skilled,own,7966,26,less_than_100,1
1527,31,female,yes,skilled,own,1532,15,100_to_500,1
1528,42,male,yes,unskilled_resident,own,1503,4,less_than_100,1
1529,31,male,yes,skilled,rent,2302,36,less_than_100,0
1530,41,male,yes,unskilled_resident,own,662,6,less_than_100,1
1531,32,male,yes,skilled,own,2273,36,less_than_100,1
1532,28,female,yes,skilled,rent,2631,15,100_to_500,0
1533,41,male,yes,skilled,rent,1503,12,less_than_100,1
1534,26,male,yes,skilled,own,1311,24,100_to_500,1
1535,25,male,yes,skilled,own,3105,24,no_known_savings,1
1536,33,male,yes,skilled,rent,2319,21,less_than_100,0
1537,75,female,yes,management_self_employed,own,1374,6,no_known_savings,1
1538,37,female,yes,skilled,own,3612,18,less_than_100,1
1539,42,male,yes,management_self_employed,free,7763,48,less_than_100,0
1540,45,female,yes,unskilled_resident,own,3049,18,less_than_100,1
1541,23,male,yes,skilled,rent,1534,12,less_than_100,0
1542,60,male,yes,skilled,free,2032,24,less_than_100,1
1543,31,male,yes,skilled,own,6350,30,no_known_savings,0
1544,34,male,yes,unskilled_resident,own,2864,18,less_than_100,0
1545,61,male,yes,unskilled_resident,own,1255,12,less_than_100,1
1546,43,male,yes,skilled,free,1333,24,less_than_100,0
1547,37,female,yes,skilled,own,2022,24,less_than_100,1
1548,32,male,yes,skilled,own,1552,24,less_than_100,1
1549,24,female,yes,unskilled_resident,own,626,12,less_than_100,0
1550,35,male,yes,skilled,free,8858,48,no_known_savings,1
1551,23,female,yes,skilled,own,996,12,no_known_savings,1
1552,45,male,yes,unskilled_resident,own,1750,6,500_to_1000,1
1553,34,male,yes,skilled,own,6999,48,less_than_100,0
1554,27,male,yes,skilled,own,1995,12,100_to_500,1
1555,67,female,yes,management_self_employed,own,1199,9,less_than_100,1
1556,22,male,yes,skilled,own,1331,12,less_than_100,0
1557,28,female,yes,skilled,own,2278,18,100_to_500,0
1558,29,female,yes,skilled,own,5003,21,no_known_savings,0
1559,27,male,yes,skilled,own,3552,24,less_than_100,0
1560,31,male,yes,unskilled_resident,own,1928,18,less_than_100,0
1561,49,male,yes,skilled,free,2964,24,no_known_savings,1
1562,24,male,yes,unskilled_resident,rent,1546,24,less_than_100,0
1563,29,female,yes,skilled,own,683,6,less_than_100,1
1564,37,male,yes,skilled,free,12389,36,no_known_savings,0
1565,37,male,yes,management_self_employed,own,4712,24,no_known_savings,1
1566,23,female,yes,skilled,rent,1553,24,100_to_500,1
1567,36,male,yes,skilled,own,1372,12,less_than_100,0
1568,34,male,yes,skilled,own,2578,24,greater_than_1000,1
1569,41,male,yes,skilled,own,3979,48,no_known_savings,1
1570,31,female,yes,skilled,own,6758,48,less_than_100,0
1571,23,female,yes,unskilled_resident,rent,3234,24,less_than_100,0
1572,38,male,yes,skilled,own,5954,30,less_than_100,1
1573,26,female,yes,management_self_employed,rent,5433,24,no_known_savings,1
1574,22,female,yes,unskilled_resident,own,806,15,less_than_100,1
1575,27,male,yes,unskilled_resident,own,1082,9,less_than_100,1
1576,24,female,yes,skilled,own,2788,15,less_than_100,1
1577,27,female,yes,skilled,own,2930,12,less_than_100,1
1578,33,female,yes,skilled,own,1927,24,no_known_savings,1
1579,27,male,yes,skilled,own,2820,36,less_than_100,0
1580,27,male,yes,unskilled_resident,own,937,24,less_than_100,1
1581,30,male,yes,skilled,own,1056,18,less_than_100,0
1582,49,male,yes,unskilled_resident,own,3124,12,less_than_100,1
1583,26,female,yes,skilled,rent,1388,9,less_than_100,1
1584,33,male,yes,unskilled_resident,rent,2384,36,less_than_100,0
1585,52,female,yes,management_self_employed,free,2133,12,no_known_savings,1
1586,20,female,yes,skilled,rent,2039,18,less_than_100,0
1587,36,male,yes,skilled,rent,2799,9,less_than_100,1
1588,21,male,yes,unskilled_resident,own,1289,12,less_than_100,1
1589,47,male,yes,unskilled_resident,own,1217,18,less_than_100,0
1590,60,male,yes,skilled,own,2246,12,less_than_100,0
1591,58,female,yes,unskilled_resident,own,385,12,less_than_100,1
1592,42,female,yes,skilled,rent,1965,24,no_known_savings,1
1593,36,female,yes,unskilled_resident,own,1572,21,greater_than_1000,1
1594,20,female,yes,unskilled_resident,rent,2718,24,less_than_100,0
1595,40,male,yes,management_self_employed,own,1358,24,no_known_savings,0
1596,32,female,yes,unskilled_resident,own,931,6,100_to_500,0
1597,23,female,yes,skilled,rent,1442,24,less_than_100,0
1598,36,male,yes,unskilled_resident,own,4241,24,less_than_100,0
1599,31,male,yes,skilled,own,2775,18,less_than_100,0
1600,32,male,yes,skilled,free,3863,24,less_than_100,1
1601,45,female,yes,skilled,own,2329,7,less_than_100,1
1602,30,female,yes,skilled,own,918,9,less_than_100,0
1603,34,female,yes,unskilled_resident,free,1837,24,less_than_100,0
1604,28,female,yes,management_self_employed,own,3349,36,less_than_100,0
1605,23,female,yes,skilled,own,1275,10,less_than_100,1
1606,22,male,yes,skilled,own,2828,24,500_to_1000,1
1607,74,male,yes,management_self_employed,own,4526,24,less_than_100,1
1608,50,female,yes,skilled,free,2671,36,100_to_500,0
1609,33,male,yes,skilled,own,2051,18,less_than_100,1
1610,45,male,yes,skilled,free,1300,15,no_known_savings,1
1611,22,female,yes,skilled,own,741,12,100_to_500,0
1612,48,female,yes,unskilled_resident,free,1240,10,100_to_500,0
1613,29,female,yes,skilled,own,3357,21,greater_than_1000,1
1614,22,female,no,skilled,rent,3632,24,less_than_100,1
1615,22,female,yes,skilled,own,1808,18,less_than_100,0
1616,48,male,yes,management_self_employed,own,12204,48,no_known_savings,1
1617,27,male,yes,management_self_employed,free,9157,60,no_known_savings,1
1618,37,male,yes,skilled,rent,3676,6,less_than_100,1
1619,21,female,yes,skilled,rent,3441,30,100_to_500,0
1620,49,male,yes,unskilled_resident,own,640,12,less_than_100,1
1621,27,male,yes,skilled,own,3652,21,less_than_100,1
1622,32,male,yes,skilled,own,1530,18,less_than_100,0
1623,38,male,yes,skilled,own,3914,48,no_known_savings,0
1624,22,female,yes,skilled,rent,1858,12,less_than_100,1
1625,65,male,yes,skilled,free,2600,18,less_than_100,0
1626,35,male,yes,skilled,own,1979,15,no_known_savings,1
1627,41,male,yes,skilled,own,2116,6,less_than_100,1
1628,29,male,yes,skilled,own,1437,9,100_to_500,0
1629,36,male,yes,skilled,own,4042,42,500_to_1000,1
1630,64,male,yes,unskilled_resident,own,3832,9,no_known_savings,1
1631,28,female,yes,skilled,own,3660,24,less_than_100,1
1632,44,male,yes,skilled,own,1553,18,less_than_100,0
1633,23,male,yes,skilled,own,1444,15,no_known_savings,1
1634,19,female,yes,skilled,rent,1980,9,less_than_100,0
1635,25,female,yes,unskilled_resident,own,1355,24,less_than_100,0
1636,47,male,yes,skilled,own,1393,12,less_than_100,1
1637,28,female,yes,skilled,own,1376,24,500_to_1000,1
1638,21,male,yes,skilled,own,15653,60,less_than_100,1
1639,34,female,yes,skilled,own,1493,12,less_than_100,1
1640,26,male,yes,skilled,own,4370,42,less_than_100,0
1641,27,female,yes,unskilled_non_resident,own,750,18,less_than_100,0
1642,38,male,yes,unskilled_resident,own,1308,15,less_than_100,1
1643,40,male,yes,management_self_employed,own,4623,15,100_to_500,0
1644,33,male,yes,skilled,own,1851,24,less_than_100,1
1645,32,male,yes,management_self_employed,own,1880,18,less_than_100,1
1646,27,male,yes,skilled,rent,7980,36,no_known_savings,0
1647,32,male,yes,skilled,own,4583,30,less_than_100,1
1648,26,female,yes,skilled,own,1386,12,500_to_1000,0
1649,38,male,yes,skilled,free,947,24,less_than_100,0
1650,40,male,yes,unskilled_resident,rent,684,12,less_than_100,0
1651,50,male,yes,management_self_employed,free,7476,48,less_than_100,1
1652,37,male,yes,unskilled_resident,own,1922,12,less_than_100,0
1653,45,male,yes,skilled,own,2303,24,less_than_100,0
1654,42,male,yes,management_self_employed,own,8086,36,100_to_500,0
1655,35,male,yes,skilled,own,2346,24,less_than_100,1
1656,22,male,yes,skilled,free,3973,14,less_than_100,1
1657,41,male,yes,unskilled_resident,own,888,12,less_than_100,0
1658,37,male,yes,skilled,own,10222,48,no_known_savings,1
1659,28,female,yes,skilled,own,4221,30,less_than_100,1
1660,41,male,yes,skilled,own,6361,18,less_than_100,1
1661,23,male,yes,skilled,rent,1297,12,less_than_100,1
1662,23,male,yes,skilled,own,900,12,no_known_savings,0
1663,50,male,yes,skilled,own,2241,21,less_than_100,1
1664,35,male,yes,management_self_employed,own,1050,6,less_than_100,1
1665,50,female,yes,unskilled_resident,own,1047,6,less_than_100,1
1666,27,male,yes,management_self_employed,own,6314,24,less_than_100,1
1667,34,male,yes,skilled,own,3496,30,greater_than_1000,1
1668,27,female,yes,skilled,own,3609,48,less_than_100,1
1669,43,male,yes,skilled,rent,4843,12,less_than_100,0
1670,47,male,yes,skilled,own,3017,30,less_than_100,1
1671,27,male,yes,unskilled_resident,own,4139,24,100_to_500,1
1672,31,male,yes,skilled,own,5742,36,100_to_500,1
1673,42,male,yes,management_self_employed,own,10366,60,less_than_100,1
1674,24,male,yes,skilled,own,2080,6,500_to_1000,1
1675,41,male,yes,unskilled_resident,own,2580,21,500_to_1000,0
1676,26,female,yes,management_self_employed,rent,4530,30,less_than_100,1
1677,33,male,yes,skilled,own,5150,24,less_than_100,1
1678,24,male,yes,skilled,own,5595,72,100_to_500,0
1679,64,male,yes,unskilled_resident,rent,2384,24,less_than_100,1
1680,26,female,yes,skilled,own,1453,18,less_than_100,1
1681,56,female,yes,skilled,own,1538,6,less_than_100,1
1682,37,male,yes,skilled,free,2279,12,no_known_savings,1
1683,33,male,yes,skilled,own,1478,15,less_than_100,1
1684,47,male,yes,skilled,free,5103,24,less_than_100,1
1685,31,male,yes,unskilled_resident,own,9857,36,100_to_500,1
1686,34,male,yes,skilled,free,6527,60,no_known_savings,1
1687,27,male,yes,skilled,own,1347,10,no_known_savings,1
1688,30,male,yes,skilled,free,2862,36,100_to_500,1
1689,35,male,yes,skilled,own,2753,9,100_to_500,1
1690,31,male,yes,skilled,own,3651,12,greater_than_1000,1
1691,25,male,yes,skilled,own,975,15,less_than_100,1
1692,25,female,yes,unskilled_resident,own,2631,15,100_to_500,1
1693,29,male,yes,skilled,own,2896,24,100_to_500,1
1694,44,male,yes,unskilled_resident,own,4716,6,no_known_savings,1
1695,28,male,yes,skilled,own,2284,24,less_than_100,1
1696,50,male,yes,skilled,rent,1236,6,500_to_1000,1
1697,29,male,no,skilled,own,1103,12,less_than_100,1
1698,38,female,yes,unskilled_non_resident,own,926,12,less_than_100,1
1699,24,male,yes,skilled,own,1800,18,less_than_100,1
1700,40,male,yes,management_self_employed,rent,1905,15,less_than_100,1
1701,29,female,yes,unskilled_resident,rent,1123,12,500_to_1000,0
1702,46,male,yes,skilled,free,6331,48,less_than_100,0
1703,47,female,yes,skilled,free,1377,24,100_to_500,1
1704,41,male,yes,skilled,own,2503,30,100_to_500,1
1705,32,female,yes,skilled,own,2528,27,less_than_100,1
1706,35,female,yes,skilled,free,5324,15,500_to_1000,1
1707,24,male,yes,skilled,own,6560,48,100_to_500,0
1708,25,female,yes,skilled,rent,2969,12,less_than_100,0
1709,25,female,yes,skilled,own,1206,9,less_than_100,1
1710,37,male,yes,unskilled_resident,own,2118,9,less_than_100,1
1711,32,male,yes,management_self_employed,own,629,18,500_to_1000,1
1712,35,female,yes,skilled,free,1198,6,less_than_100,0
1713,46,male,yes,management_self_employed,own,2476,21,no_known_savings,1
1714,25,male,yes,unskilled_resident,own,1138,9,less_than_100,1
1715,27,male,yes,management_self_employed,own,14027,60,less_than_100,0
1716,63,male,yes,skilled,own,7596,30,no_known_savings,1
1717,40,male,yes,skilled,own,3077,30,no_known_savings,1
1718,32,male,yes,management_self_employed,free,1505,18,less_than_100,1
1719,31,male,yes,skilled,own,3148,24,no_known_savings,1
1720,31,male,yes,skilled,own,6148,20,100_to_500,1
1721,34,male,yes,management_self_employed,own,1337,9,less_than_100,0
1722,24,female,yes,skilled,rent,433,6,greater_than_1000,0
1723,24,female,yes,unskilled_resident,own,1228,12,less_than_100,0
1724,66,female,yes,unskilled_resident,own,790,9,500_to_1000,1
1725,21,female,yes,skilled,rent,2570,27,less_than_100,0
1726,41,female,yes,unskilled_resident,own,250,6,greater_than_1000,1
1727,47,male,yes,unskilled_resident,own,1316,15,500_to_1000,1
1728,25,female,yes,skilled,rent,1882,18,less_than_100,0
1729,59,female,yes,skilled,rent,6416,48,less_than_100,0
1730,36,male,yes,skilled,own,1275,24,greater_than_1000,1
1731,33,male,yes,skilled,own,6403,24,less_than_100,1
1732,21,male,yes,unskilled_resident,rent,1987,24,less_than_100,0
1733,44,female,yes,unskilled_resident,own,760,8,less_than_100,1
1734,28,female,yes,skilled,rent,2603,24,greater_than_1000,1
1735,37,female,yes,skilled,own,3380,4,less_than_100,1
1736,29,female,yes,unskilled_non_resident,own,3990,36,no_known_savings,1
1737,23,female,yes,management_self_employed,rent,11560,24,less_than_100,0
1738,35,male,yes,unskilled_resident,own,4380,18,100_to_500,1
1739,45,male,yes,management_self_employed,own,6761,6,less_than_100,1
1740,26,female,yes,unskilled_resident,rent,4280,30,100_to_500,0
1741,32,male,yes,skilled,own,2325,24,100_to_500,1
1742,23,male,yes,unskilled_resident,own,1048,10,less_than_100,1
1743,41,male,yes,skilled,own,3160,21,no_known_savings,1
1744,22,male,yes,skilled,own,2483,24,500_to_1000,1
1745,30,male,yes,management_self_employed,own,14179,39,no_known_savings,1
1746,28,male,yes,unskilled_resident,own,1797,13,less_than_100,1
1747,23,female,yes,skilled,rent,2511,15,less_than_100,1
1748,37,female,yes,unskilled_resident,own,1274,12,less_than_100,0
1749,26,male,yes,skilled,own,5248,21,no_known_savings,1
1750,33,male,yes,skilled,own,3029,15,less_than_100,1
1751,49,female,yes,skilled,own,428,6,less_than_100,1
1752,23,female,yes,unskilled_resident,own,976,18,less_than_100,0
1753,23,female,yes,unskilled_resident,rent,841,12,100_to_500,1
1754,25,female,yes,skilled,own,5771,30,less_than_100,1
1755,55,male,yes,skilled,free,1555,12,greater_than_1000,0
1756,32,female,yes,skilled,rent,1285,24,no_known_savings,0
1757,74,male,no,unskilled_non_resident,own,1299,6,less_than_100,1
1758,39,male,yes,skilled,free,1271,15,no_known_savings,0
1759,31,male,yes,skilled,own,1393,24,less_than_100,1
1760,35,male,yes,skilled,own,691,12,less_than_100,0
1761,59,female,yes,skilled,own,5045,15,no_known_savings,1
1762,24,female,yes,skilled,rent,2124,18,less_than_100,0
1763,24,male,yes,unskilled_resident,own,2214,12,less_than_100,1
1764,30,male,yes,management_self_employed,free,12680,21,no_known_savings,0
1765,27,male,yes,skilled,own,2463,24,100_to_500,1
1766,40,male,yes,unskilled_resident,own,1155,12,less_than_100,1
1767,31,male,yes,unskilled_resident,own,3108,30,less_than_100,0
1768,31,female,yes,skilled,rent,2901,10,no_known_savings,1
1769,28,male,yes,skilled,rent,3617,12,less_than_100,1
1770,63,male,yes,unskilled_resident,own,1655,12,less_than_100,1
1771,26,female,yes,skilled,rent,2812,24,no_known_savings,1
1772,25,female,yes,management_self_employed,own,8065,36,less_than_100,0
1773,36,male,yes,management_self_employed,own,3275,21,less_than_100,1
1774,52,male,yes,skilled,own,2223,24,100_to_500,1
1775,66,male,yes,unskilled_non_resident,free,1480,12,500_to_1000,1
1776,25,female,yes,skilled,rent,1371,24,no_known_savings,0
1777,37,male,yes,skilled,own,3535,36,less_than_100,1
1778,25,female,yes,skilled,own,3509,18,less_than_100,1
1779,38,male,yes,management_self_employed,own,5711,36,greater_than_1000,1
1780,67,female,yes,skilled,own,3872,18,less_than_100,1
1781,25,male,yes,skilled,own,4933,39,less_than_100,0
1782,60,male,yes,skilled,own,1940,24,greater_than_1000,1
1783,31,male,yes,unskilled_resident,own,1410,12,less_than_100,1
1784,23,female,yes,unskilled_resident,own,836,12,100_to_500,0
1785,60,male,yes,management_self_employed,own,6468,20,no_known_savings,1
1786,35,male,yes,unskilled_resident,own,1941,18,greater_than_1000,1
1787,40,male,yes,skilled,own,2675,22,500_to_1000,1
1788,38,male,yes,skilled,own,2751,48,no_known_savings,1
1789,50,male,yes,skilled,free,6224,48,less_than_100,0
1790,27,male,yes,skilled,own,5998,40,less_than_100,0
1791,39,female,yes,skilled,own,1188,21,less_than_100,0
1792,41,male,yes,management_self_employed,own,6313,24,no_known_savings,1
1793,27,male,yes,skilled,own,1221,6,no_known_savings,1
1794,51,male,yes,skilled,free,2892,24,less_than_100,1
1795,32,male,yes,skilled,rent,3062,24,500_to_1000,1
1796,22,female,yes,skilled,rent,2301,9,100_to_500,1
1797,51,male,yes,skilled,free,7511,18,no_known_savings,0
1798,22,female,yes,unskilled_resident,rent,1258,12,less_than_100,1
1799,54,male,yes,skilled,own,717,24,no_known_savings,1
1800,35,male,yes,unskilled_non_resident,own,1549,9,no_known_savings,1
1801,54,male,yes,skilled,free,1597,24,less_than_100,1
1802,48,female,yes,unskilled_resident,rent,1795,18,less_than_100,1
1803,24,female,yes,skilled,own,4272,20,less_than_100,1
1804,35,male,yes,skilled,own,976,12,no_known_savings,1
1805,24,female,yes,unskilled_non_resident,rent,7472,12,no_known_savings,1
1806,24,male,yes,skilled,own,9271,36,less_than_100,0
1807,26,male,no,unskilled_resident,own,590,6,less_than_100,1
1808,65,male,yes,skilled,own,930,12,no_known_savings,1
1809,55,male,yes,management_self_employed,free,9283,42,less_than_100,1
1810,26,female,yes,unskilled_non_resident,rent,1778,15,less_than_100,0
1811,26,male,yes,skilled,own,907,8,less_than_100,1
1812,28,male,yes,unskilled_resident,own,484,6,less_than_100,1
1813,24,male,yes,skilled,own,9629,36,less_than_100,0
1814,54,male,yes,skilled,own,3051,48,less_than_100,0
1815,46,male,yes,skilled,free,3931,48,less_than_100,0
1816,54,female,yes,skilled,rent,7432,36,less_than_100,1
1817,62,male,yes,skilled,own,1338,6,500_to_1000,1
1818,24,female,yes,skilled,rent,1554,6,less_than_100,1
1819,43,male,yes,management_self_employed,own,15857,36,less_than_100,1
1820,26,male,yes,skilled,own,1345,18,less_than_100,0
1821,27,male,yes,skilled,own,1101,12,less_than_100,1
1822,24,male,yes,skilled,own,3016,12,less_than_100,1
1823,41,male,yes,skilled,own,2712,36,less_than_100,0
1824,47,male,yes,unskilled_resident,own,731,8,less_than_100,1
1825,35,male,yes,management_self_employed,own,3780,18,less_than_100,1
1826,30,male,yes,skilled,own,1602,21,less_than_100,1
1827,33,female,yes,skilled,rent,3966,18,less_than_100,0
1828,36,male,yes,skilled,own,4165,18,less_than_100,0
1829,47,male,yes,skilled,free,8335,36,no_known_savings,0
1830,38,male,yes,skilled,free,6681,48,no_known_savings,1
1831,44,male,yes,skilled,own,2375,24,500_to_1000,1
1832,23,female,yes,skilled,rent,1216,18,less_than_100,0
1833,29,male,yes,skilled,rent,11816,45,less_than_100,0
1834,42,female,yes,skilled,own,5084,24,no_known_savings,1
1835,25,female,yes,unskilled_resident,own,2327,15,less_than_100,0
1836,48,male,yes,skilled,own,1082,12,less_than_100,0
1837,21,female,yes,skilled,own,886,12,no_known_savings,1
1838,23,female,yes,unskilled_resident,rent,601,4,less_than_100,1
1839,63,male,yes,skilled,own,2957,24,less_than_100,1
1840,46,male,yes,skilled,own,2611,24,less_than_100,1
1841,29,male,yes,skilled,own,5179,36,less_than_100,0
1842,28,male,yes,unskilled_resident,own,2993,21,less_than_100,1
1843,23,female,yes,skilled,own,1943,18,less_than_100,0
1844,50,male,yes,skilled,own,1559,24,less_than_100,1
1845,47,male,yes,skilled,own,3422,18,less_than_100,1
1846,35,male,yes,skilled,own,3976,21,no_known_savings,1
1847,68,male,yes,skilled,rent,6761,18,no_known_savings,0
1848,28,male,yes,skilled,own,1249,24,less_than_100,1
1849,59,male,yes,skilled,own,1364,9,less_than_100,1
1850,57,male,yes,unskilled_resident,own,709,12,less_than_100,0
1851,33,male,no,skilled,rent,2235,20,less_than_100,0
1852,43,male,yes,skilled,own,4042,24,no_known_savings,1
1853,35,male,yes,skilled,free,1471,15,less_than_100,1
1854,32,male,yes,unskilled_resident,free,1442,18,less_than_100,0
1855,45,male,yes,skilled,own,10875,36,less_than_100,1
1856,33,male,yes,skilled,own,1474,24,100_to_500,1
1857,40,female,yes,skilled,own,894,10,no_known_savings,1
1858,28,male,yes,skilled,free,3343,15,less_than_100,1
1859,29,female,yes,skilled,own,3959,15,less_than_100,0
1860,26,male,no,skilled,rent,3577,9,100_to_500,1
1861,27,male,yes,skilled,own,5804,24,greater_than_1000,1
1862,28,male,yes,skilled,own,2169,18,less_than_100,0
1863,35,female,yes,skilled,own,2439,24,less_than_100,0
1864,32,male,yes,unskilled_resident,own,4526,27,greater_than_1000,1
1865,25,male,yes,unskilled_resident,rent,2210,10,less_than_100,0
1866,20,female,yes,skilled,rent,2221,15,500_to_1000,1
1867,27,female,yes,skilled,own,2389,18,less_than_100,1
1868,42,male,yes,skilled,own,3331,12,less_than_100,1
1869,37,male,yes,skilled,own,7409,36,no_known_savings,1
1870,24,female,yes,skilled,rent,652,12,less_than_100,1
1871,40,female,yes,skilled,own,7678,36,500_to_1000,1
1872,46,male,no,skilled,own,1343,6,less_than_100,1
1873,26,male,yes,skilled,own,1382,24,100_to_500,1
1874,24,female,yes,skilled,own,874,15,no_known_savings,1
1875,29,male,yes,unskilled_resident,own,3590,12,less_than_100,1
1876,40,female,yes,skilled,own,1322,11,greater_than_1000,1
1877,36,male,yes,management_self_employed,free,1940,18,less_than_100,1
1878,28,male,yes,skilled,own,3595,36,less_than_100,1
1879,27,male,yes,management_self_employed,free,1422,9,less_than_100,0
1880,36,male,yes,skilled,own,6742,30,no_known_savings,1
1881,38,male,yes,management_self_employed,own,7814,24,less_than_100,1
1882,48,male,yes,skilled,free,9277,24,no_known_savings,1
1883,36,male,yes,skilled,own,2181,30,no_known_savings,1
1884,65,female,yes,unskilled_non_resident,own,1098,18,less_than_100,1
1885,43,male,yes,skilled,own,4057,24,less_than_100,0
1886,53,female,yes,skilled,own,795,12,less_than_100,0
1887,34,male,yes,skilled,own,2825,24,no_known_savings,1
1888,23,male,yes,skilled,own,15672,48,less_than_100,0
1889,34,male,yes,management_self_employed,own,6614,36,less_than_100,1
1890,40,male,yes,skilled,rent,7824,28,no_known_savings,1
1891,43,male,yes,management_self_employed,own,2442,27,less_than_100,1
1892,46,male,yes,skilled,own,1829,15,less_than_100,1
1893,38,male,no,unskilled_resident,own,2171,12,less_than_100,1
1894,34,male,yes,skilled,own,5800,36,less_than_100,1
1895,29,male,yes,skilled,own,1169,18,no_known_savings,1
1896,31,male,yes,management_self_employed,own,8947,36,no_known_savings,1
1897,28,female,yes,management_self_employed,rent,2606,21,less_than_100,1
1898,35,female,no,skilled,own,1592,12,greater_than_1000,1
1899,33,female,yes,unskilled_resident,rent,2186,15,no_known_savings,1
1900,42,male,yes,skilled,own,4153,18,less_than_100,0
1901,43,male,yes,skilled,rent,2625,16,less_than_100,0
1902,44,male,yes,skilled,own,3485,20,no_known_savings,1
1903,42,male,yes,skilled,free,10477,36,no_known_savings,1
1904,40,male,yes,skilled,rent,1386,15,no_known_savings,1
1905,36,male,yes,management_self_employed,own,1278,24,less_than_100,1
1906,20,male,yes,management_self_employed,rent,1107,12,less_than_100,1
1907,24,male,no,unskilled_resident,own,3763,21,no_known_savings,1
1908,27,male,yes,skilled,own,3711,36,no_known_savings,1
1909,46,female,yes,unskilled_resident,own,3594,15,less_than_100,1
1910,33,female,yes,unskilled_resident,own,3195,9,no_known_savings,1
1911,34,female,yes,skilled,own,4454,36,less_than_100,1
1912,25,female,yes,unskilled_resident,own,4736,24,less_than_100,0
1913,25,female,yes,skilled,own,2991,30,no_known_savings,1
1914,28,male,yes,skilled,own,2142,11,greater_than_1000,1
1915,31,male,yes,skilled,rent,3161,24,less_than_100,0
1916,32,female,no,management_self_employed,own,18424,48,less_than_100,0
1917,32,male,yes,skilled,own,2848,10,100_to_500,1
1918,68,male,yes,management_self_employed,own,14896,6,less_than_100,0
1919,33,male,yes,skilled,own,2359,24,100_to_500,0
1920,39,male,yes,management_self_employed,rent,3345,24,less_than_100,0
1921,28,female,yes,skilled,own,1817,18,less_than_100,1
1922,37,male,yes,management_self_employed,own,12749,48,500_to_1000,1
1923,22,female,yes,skilled,rent,1366,9,less_than_100,0
1924,30,male,yes,skilled,rent,2002,12,less_than_100,1
1925,55,male,yes,skilled,own,6872,24,less_than_100,0
1926,46,male,yes,skilled,own,697,12,less_than_100,0
1927,21,female,yes,skilled,rent,1049,18,less_than_100,1
1928,39,male,yes,skilled,free,10297,48,less_than_100,0
1929,58,male,yes,skilled,own,1867,30,no_known_savings,1
1930,43,male,yes,unskilled_resident,own,1344,12,less_than_100,1
1931,24,male,no,unskilled_resident,own,1747,24,less_than_100,1
1932,22,female,yes,skilled,own,1670,9,less_than_100,0
1933,30,male,yes,skilled,own,1224,9,less_than_100,1
1934,42,male,yes,skilled,own,522,12,500_to_1000,1
1935,23,female,yes,skilled,own,1498,12,less_than_100,1
1936,30,male,yes,management_self_employed,own,1919,30,100_to_500,0
1937,28,female,yes,unskilled_resident,own,745,9,less_than_100,0
1938,30,male,yes,management_self_employed,rent,2063,6,less_than_100,1
1939,42,male,yes,skilled,free,6288,60,less_than_100,0
1940,46,male,yes,management_self_employed,own,6842,24,no_known_savings,1
1941,45,male,yes,management_self_employed,own,3527,12,no_known_savings,1
1942,31,male,no,unskilled_resident,own,1546,10,less_than_100,1
1943,31,male,yes,skilled,own,929,24,no_known_savings,1
1944,42,male,yes,unskilled_resident,own,1455,4,less_than_100,1
1945,46,female,yes,skilled,rent,1845,15,less_than_100,1
1946,30,female,yes,skilled,own,8358,48,500_to_1000,1
1947,30,male,yes,skilled,free,3349,24,500_to_1000,0
1948,38,male,yes,management_self_employed,own,2859,12,no_known_savings,1
1949,43,male,yes,unskilled_resident,own,1533,18,less_than_100,0
1950,31,male,yes,skilled,own,3621,24,100_to_500,0
1951,40,male,yes,unskilled_non_resident,own,3590,18,less_than_100,1
1952,24,male,yes,skilled,own,2145,36,less_than_100,0
1953,28,female,yes,skilled,rent,4113,24,500_to_1000,0
1954,26,female,yes,management_self_employed,own,10974,36,less_than_100,0
1955,29,female,yes,skilled,own,1893,12,less_than_100,1
1956,57,female,yes,management_self_employed,rent,1231,24,greater_than_1000,1
1957,49,male,yes,unskilled_resident,own,3656,30,no_known_savings,1
1958,37,male,yes,unskilled_resident,own,1154,9,less_than_100,1
1959,45,male,yes,unskilled_resident,own,4006,28,less_than_100,0
1960,30,male,yes,skilled,free,3069,24,100_to_500,1
1961,30,male,yes,skilled,rent,1740,6,less_than_100,1
1962,47,male,yes,skilled,own,2353,21,less_than_100,1
1963,29,male,yes,skilled,own,3556,15,no_known_savings,1
1964,35,male,yes,skilled,own,2397,24,500_to_1000,0
1965,22,male,yes,unskilled_resident,own,454,6,less_than_100,1
1966,26,female,yes,skilled,own,1715,30,no_known_savings,1
1967,23,male,yes,unskilled_resident,own,2520,27,500_to_1000,0
1968,54,female,yes,management_self_employed,rent,3568,15,less_than_100,1
1969,29,male,yes,skilled,rent,7166,42,no_known_savings,1
1970,40,male,yes,unskilled_resident,own,3939,11,less_than_100,1
1971,22,male,yes,skilled,own,1514,15,100_to_500,1
1972,43,male,yes,unskilled_resident,own,7393,24,less_than_100,1
1973,29,female,yes,unskilled_non_resident,rent,1193,24,less_than_100,0
1974,36,male,yes,skilled,rent,7297,60,less_than_100,0
1975,33,female,yes,skilled,own,2831,30,less_than_100,1
1976,57,female,yes,unskilled_resident,own,1258,24,500_to_1000,1
1977,64,female,yes,skilled,own,753,6,less_than_100,1
1978,42,male,yes,skilled,own,2427,18,no_known_savings,1
1979,47,male,yes,unskilled_resident,own,2538,24,less_than_100,0
1980,25,male,yes,skilled,rent,1264,15,100_to_500,0
1981,49,male,yes,skilled,own,8386,30,less_than_100,0
1982,33,male,yes,management_self_employed,rent,4844,48,less_than_100,0
1983,28,female,yes,management_self_employed,own,2923,21,100_to_500,1
1984,26,male,yes,skilled,own,8229,36,less_than_100,0
1985,30,male,yes,unskilled_resident,own,2028,24,less_than_100,1
1986,25,female,yes,skilled,rent,1433,15,less_than_100,1
1987,33,male,yes,skilled,own,6289,42,less_than_100,1
1988,64,female,yes,skilled,own,1409,13,100_to_500,1
1989,29,male,yes,management_self_employed,free,6579,24,less_than_100,1
1990,48,male,yes,unskilled_resident,own,1743,24,less_than_100,1
1991,37,male,yes,unskilled_resident,own,3565,12,no_known_savings,1
1992,34,male,yes,unskilled_resident,own,1569,15,100_to_500,1
1993,23,male,yes,unskilled_resident,rent,1936,18,no_known_savings,1
1994,30,male,yes,management_self_employed,own,3959,36,less_than_100,1
1995,50,male,yes,skilled,own,2390,12,no_known_savings,1
1996,31,female,yes,unskilled_resident,own,1736,12,less_than_100,1
1997,40,male,yes,management_self_employed,own,3857,30,less_than_100,1
1998,38,male,yes,skilled,own,804,12,less_than_100,1
1999,23,male,yes,skilled,free,1845,45,less_than_100,0
2000,27,male,yes,skilled,own,4576,45,100_to_500,1
